/*
SQLyog Ultimate v12.08 (64 bit)
MySQL - 5.5.38 : Database - carrental2
*********************************************************************
*/

/*!40101 SET NAMES utf8 */;

/*!40101 SET SQL_MODE=''*/;

/*!40014 SET @OLD_UNIQUE_CHECKS=@@UNIQUE_CHECKS, UNIQUE_CHECKS=0 */;
/*!40014 SET @OLD_FOREIGN_KEY_CHECKS=@@FOREIGN_KEY_CHECKS, FOREIGN_KEY_CHECKS=0 */;
/*!40101 SET @OLD_SQL_MODE=@@SQL_MODE, SQL_MODE='NO_AUTO_VALUE_ON_ZERO' */;
/*!40111 SET @OLD_SQL_NOTES=@@SQL_NOTES, SQL_NOTES=0 */;
CREATE DATABASE /*!32312 IF NOT EXISTS*/`carrental2` /*!40100 DEFAULT CHARACTER SET utf8 */;

USE `carrental2`;

/*Table structure for table `backstatus` */

DROP TABLE IF EXISTS `backstatus`;

CREATE TABLE `backstatus` (
  `id` int(11) NOT NULL AUTO_INCREMENT COMMENT '状态编号',
  `back_status_kind` varchar(50) DEFAULT NULL COMMENT '状态种类',
  PRIMARY KEY (`id`)
) ENGINE=InnoDB AUTO_INCREMENT=4 DEFAULT CHARSET=utf8;

/*Data for the table `backstatus` */

insert  into `backstatus`(`id`,`back_status_kind`) values (1,'未还车'),(2,'已还车'),(3,'还车申请');

/*Table structure for table `c_car` */

DROP TABLE IF EXISTS `c_car`;

CREATE TABLE `c_car` (
  `id` int(11) NOT NULL AUTO_INCREMENT COMMENT '车辆编号',
  `license` varchar(50) DEFAULT NULL COMMENT '车牌号码',
  `color` varchar(50) DEFAULT NULL COMMENT '车辆颜色',
  `brand` varchar(50) DEFAULT NULL COMMENT '车辆品牌',
  `c_type` varchar(50) DEFAULT NULL COMMENT '车辆类型',
  `displacement` varchar(50) DEFAULT NULL COMMENT '车辆排量',
  `c_level` int(11) DEFAULT NULL COMMENT '车辆等级',
  `c_describe` varchar(1000) DEFAULT NULL COMMENT '车辆描述',
  `price` float(10,2) DEFAULT NULL COMMENT '出租价格',
  `c_status` int(11) DEFAULT NULL COMMENT '汽车状态',
  PRIMARY KEY (`id`)
) ENGINE=InnoDB AUTO_INCREMENT=33 DEFAULT CHARSET=utf8;

/*Data for the table `c_car` */

insert  into `c_car`(`id`,`license`,`color`,`brand`,`c_type`,`displacement`,`c_level`,`c_describe`,`price`,`c_status`) values (1,'苏A99999','黑色','大众','帕萨特','1.5L',1,'与此类商家特别是深度合作，定期与商家间举办活动，紧密结合汽车文化板块，根据用户实时位置，显示自己、好',200.00,4),(2,'苏A99998','紫红色','别克','君越','1.0L',1,'与此类商家特别是深度合作，定期与商家间举办活动，紧密结合汽车文化板块，根据用户实时位置，显示自己、好',400.00,4),(3,'苏A99997','白色','雪佛兰','科鲁兹','2.0L',2,'与此类商家特别是深度合作，定期与商家间举办活动，紧密结合汽车文化板块，根据用户实时位置，显示自己、好',300.00,1),(5,'苏A99996','红色','现代','朗动','1.5L',3,'与此类商家特别是深度合作，定期与商家间举办活动，紧密结合汽车文化板块，根据用户实时位置，显示自己、好',100.00,1),(6,'苏A99995','白色','奇瑞','风云2','2.0L',4,'与此类商家特别是深度合作，定期与商家间举办活动，紧密结合汽车文化板块，根据用户实时位置，显示自己、好',400.00,1),(7,'苏A99994','银色','丰田','卡罗拉','2.5L',2,'与此类商家特别是深度合作，定期与商家间举办活动，紧密结合汽车文化板块，根据用户实时位置，显示自己、好',500.00,1),(23,'苏A99900','黑色','大众','帕萨特','1.5L',1,'与此类商家特别是深度合作，定期与商家间举办活动，紧密结合汽车文化板块，根据用户实时位置，显示自己、好',200.00,1),(24,'苏A99901','黑色','大众','迈腾','1.5L',2,'与此类商家特别是深度合作，定期与商家间举办活动，紧密结合汽车文化板块，根据用户实时位置，显示自己、好',300.00,4),(25,'苏A99903','银色','大众','朗逸','2.0L',2,'与此类商家特别是深度合作，定期与商家间举办活动，紧密结合汽车文化板块，根据用户实时位置，显示自己、好',300.00,1),(26,'苏A99904','白色','别克','英朗','1.0L',4,'与此类商家特别是深度合作，定期与商家间举办活动，紧密结合汽车文化板块，根据用户实时位置，显示自己、好',400.00,1),(27,'苏A99905','白色','奇瑞','瑞虎5','2.0L',4,'与此类商家特别是深度合作，定期与商家间举办活动，紧密结合汽车文化板块，根据用户实时位置，显示自己、好',400.00,1),(28,'苏A99908','白色','丰田','普拉多','2.0L',4,'与此类商家特别是深度合作，定期与商家间举办活动，紧密结合汽车文化板块，根据用户实时位置，显示自己、好',500.00,1),(29,'苏A99906','褐色','雪佛兰','科帕奇','1.5L',3,'与此类商家特别是深度合作，定期与商家间举办活动，紧密结合汽车文化板块，根据用户实时位置，显示自己、好',300.00,1),(30,'苏A99907','褐色','现代','途胜','1.0L',3,'与此类商家特别是深度合作，定期与商家间举办活动，紧密结合汽车文化板块，根据用户实时位置，显示自己、好',200.00,1),(31,'苏A99909','白色','宝马','3系列','1.5L',4,'与此类商家特别是深度合作，定期与商家间举办活动，紧密结合汽车文化板块，根据用户实时位置，显示自己、好',600.00,1),(32,'苏A99910','白色','宝马','5系列','2.0L',4,'与此类商家特别是深度合作，定期与商家间举办活动，紧密结合汽车文化板块，根据用户实时位置，显示自己、好',700.00,1);

/*Table structure for table `c_user` */

DROP TABLE IF EXISTS `c_user`;

CREATE TABLE `c_user` (
  `id` int(11) NOT NULL AUTO_INCREMENT COMMENT '用户id',
  `username` varchar(45) DEFAULT NULL COMMENT '用户名',
  `password` varchar(45) DEFAULT NULL COMMENT '密码',
  `status` varchar(45) DEFAULT NULL COMMENT '用户状态',
  `sex` varchar(45) DEFAULT NULL COMMENT '性别',
  `fullname` varchar(50) DEFAULT NULL COMMENT '真实姓名',
  `identity` varchar(50) DEFAULT NULL COMMENT '身份证号',
  `email` varchar(50) DEFAULT NULL COMMENT '邮箱',
  `address` varchar(50) DEFAULT NULL COMMENT '地址',
  `phone` varchar(50) DEFAULT NULL COMMENT '手机号码',
  `account` float(10,2) DEFAULT NULL COMMENT '账户余额',
  PRIMARY KEY (`id`)
) ENGINE=InnoDB AUTO_INCREMENT=8 DEFAULT CHARSET=utf8;

/*Data for the table `c_user` */

insert  into `c_user`(`id`,`username`,`password`,`status`,`sex`,`fullname`,`identity`,`email`,`address`,`phone`,`account`) values (1,'张三','123','ACTIVATED','女','你妹啊','321323199112275533','514615915@qq.com','3333333','13151828261',40980.00),(2,'44','44','ACTIVATED','男','44','321324518282545','514615915@qq.com','11','13152525266',4000.00),(3,'55','55','ACTIVATED','男','李四','22','','','13152525433',5000.00),(4,'88','88','ACTIVATED','男','88','88','','','13151828261',7000.00),(5,'77','77','ACTIVATED','男','77','77','','','13161616133',8000.00),(6,'11','11','ACTIVATED','男','11','323323199112275566','','','13151828261',NULL),(7,'00','00','ACTIVATED','男','00','321323199112275533','','','13151828233',NULL);

/*Table structure for table `carlevel` */

DROP TABLE IF EXISTS `carlevel`;

CREATE TABLE `carlevel` (
  `id` int(11) NOT NULL AUTO_INCREMENT COMMENT '等级编号',
  `level_kind` varchar(50) DEFAULT NULL COMMENT '等级种类',
  `deposit` float(10,2) DEFAULT NULL COMMENT '押金',
  `fine` float(10,2) DEFAULT NULL COMMENT '罚款/天',
  PRIMARY KEY (`id`)
) ENGINE=InnoDB AUTO_INCREMENT=5 DEFAULT CHARSET=utf8;

/*Data for the table `carlevel` */

insert  into `carlevel`(`id`,`level_kind`,`deposit`,`fine`) values (1,'经济型',1000.00,10.00),(2,'家用型',1500.00,15.00),(3,'商务型',2000.00,20.00),(4,'豪华型',4000.00,40.00);

/*Table structure for table `carstatus` */

DROP TABLE IF EXISTS `carstatus`;

CREATE TABLE `carstatus` (
  `id` int(11) NOT NULL AUTO_INCREMENT COMMENT '状态编号',
  `status_kind` varchar(50) DEFAULT NULL COMMENT '状态种类',
  PRIMARY KEY (`id`)
) ENGINE=InnoDB AUTO_INCREMENT=5 DEFAULT CHARSET=utf8;

/*Data for the table `carstatus` */

insert  into `carstatus`(`id`,`status_kind`) values (1,'未租赁'),(2,'已租赁'),(3,'故障'),(4,'预定中');

/*Table structure for table `manager` */

DROP TABLE IF EXISTS `manager`;

CREATE TABLE `manager` (
  `id` int(11) NOT NULL AUTO_INCREMENT COMMENT '用户id',
  `m_username` varchar(45) DEFAULT NULL COMMENT '用户名',
  `m_password` varchar(45) DEFAULT NULL COMMENT '密码',
  `m_status` varchar(45) DEFAULT NULL COMMENT '用户状态',
  `m_sex` varchar(45) DEFAULT NULL COMMENT '性别',
  `m_fullname` varchar(50) DEFAULT NULL COMMENT '真实姓名',
  `m_identity` varchar(50) DEFAULT NULL COMMENT '身份证号',
  `m_email` varchar(50) DEFAULT NULL COMMENT '邮箱',
  `m_address` varchar(50) DEFAULT NULL COMMENT '地址',
  `m_phone` varchar(50) DEFAULT NULL COMMENT '手机号码',
  PRIMARY KEY (`id`)
) ENGINE=InnoDB AUTO_INCREMENT=2 DEFAULT CHARSET=utf8;

/*Data for the table `manager` */

insert  into `manager`(`id`,`m_username`,`m_password`,`m_status`,`m_sex`,`m_fullname`,`m_identity`,`m_email`,`m_address`,`m_phone`) values (1,'李四','123','ACTIVATED','男','李四','321323199512121212','222@qq.com','33','13151676767');

/*Table structure for table `ordercheck` */

DROP TABLE IF EXISTS `ordercheck`;

CREATE TABLE `ordercheck` (
  `id` int(11) NOT NULL AUTO_INCREMENT COMMENT '订单审核编号',
  `order_check_kind` varchar(50) DEFAULT NULL COMMENT '订单审核种类',
  PRIMARY KEY (`id`)
) ENGINE=InnoDB AUTO_INCREMENT=3 DEFAULT CHARSET=utf8;

/*Data for the table `ordercheck` */

insert  into `ordercheck`(`id`,`order_check_kind`) values (1,'已审核'),(2,'审核中');

/*Table structure for table `orderstatus` */

DROP TABLE IF EXISTS `orderstatus`;

CREATE TABLE `orderstatus` (
  `id` int(11) NOT NULL AUTO_INCREMENT COMMENT '订单状态编号',
  `order_status_kind` varchar(50) DEFAULT NULL COMMENT '订单状态种类',
  PRIMARY KEY (`id`)
) ENGINE=InnoDB AUTO_INCREMENT=9 DEFAULT CHARSET=utf8;

/*Data for the table `orderstatus` */

insert  into `orderstatus`(`id`,`order_status_kind`) values (1,'完成'),(2,'进行中'),(3,'超时'),(4,'续租'),(5,'已取消'),(6,'用户已删'),(7,'预定中'),(8,'还车申请');

/*Table structure for table `paystatus` */

DROP TABLE IF EXISTS `paystatus`;

CREATE TABLE `paystatus` (
  `id` int(11) NOT NULL AUTO_INCREMENT COMMENT '付款状态编号',
  `pay_status_kind` varchar(50) DEFAULT NULL COMMENT '付款状态种类',
  PRIMARY KEY (`id`)
) ENGINE=InnoDB AUTO_INCREMENT=3 DEFAULT CHARSET=utf8;

/*Data for the table `paystatus` */

insert  into `paystatus`(`id`,`pay_status_kind`) values (1,'未付款'),(2,'已付款');

/*Table structure for table `receiverinfo` */

DROP TABLE IF EXISTS `receiverinfo`;

CREATE TABLE `receiverinfo` (
  `id` int(11) NOT NULL AUTO_INCREMENT COMMENT '取车人编号',
  `u_id` int(11) DEFAULT NULL COMMENT '用户编号',
  `receiveName` varchar(45) DEFAULT NULL COMMENT '取车人姓名',
  `receiveIdentity` varchar(50) DEFAULT NULL COMMENT '取车人身份证号',
  `receivePhone` varchar(50) DEFAULT NULL COMMENT '取车人手机号',
  `receiveAddress` varchar(100) DEFAULT NULL COMMENT '取车地址',
  `backAddress` varchar(100) DEFAULT NULL COMMENT '还车地址',
  `isDefault` int(1) DEFAULT '0' COMMENT '是否默认',
  PRIMARY KEY (`id`)
) ENGINE=InnoDB AUTO_INCREMENT=10 DEFAULT CHARSET=utf8;

/*Data for the table `receiverinfo` */

insert  into `receiverinfo`(`id`,`u_id`,`receiveName`,`receiveIdentity`,`receivePhone`,`receiveAddress`,`backAddress`,`isDefault`) values (7,1,'李四','321323199504091119','13152525278','南京市雨花台区翠玲银河','11',0),(8,1,'张三','321323199112275533','13151828261','南京市雨花台区翠玲银河','南京市江宁区通淮街3号',0),(9,1,'李四','321323188812344556','13655246248','11','11',1);

/*Table structure for table `systeminfo` */

DROP TABLE IF EXISTS `systeminfo`;

CREATE TABLE `systeminfo` (
  `id` int(11) NOT NULL AUTO_INCREMENT COMMENT '系统消息id',
  `u_id` int(11) DEFAULT NULL COMMENT '用户id',
  `w_title` varchar(100) DEFAULT NULL COMMENT '消息标题',
  `w_body` varchar(1000) DEFAULT NULL COMMENT '消息正文',
  `w_publishAt` date DEFAULT NULL COMMENT '发布时间',
  `w_status` varchar(100) DEFAULT NULL COMMENT '信息状态',
  PRIMARY KEY (`id`)
) ENGINE=InnoDB AUTO_INCREMENT=142 DEFAULT CHARSET=utf8;

/*Data for the table `systeminfo` */

insert  into `systeminfo`(`id`,`u_id`,`w_title`,`w_body`,`w_publishAt`,`w_status`) values (40,1,'系统取消订单提醒','您的订单编号为65的订单未在规定时间内完成支付，系统已经为您自动取消！请注意及时支付订单！','2016-05-13','已读'),(41,1,'订单超时提醒','您的订单编号为66的订单已经超时，请及时处理！','2016-05-13','未读'),(42,1,'订单超时提醒','您的订单编号为66的订单已经超时，请及时处理！','2016-05-13','已读'),(43,1,'订单超时提醒','您的订单编号为66的订单已经超时，请及时处理！','2016-05-13','已读'),(44,1,'系统取消订单提醒','您的订单编号为77的订单未在规定时间内完成支付，系统已经为您自动取消！请注意及时支付订单！','2016-05-13','未读'),(45,1,'订单超时提醒','您的订单编号为66的订单已经超时，请及时处理！','2016-05-13','已读'),(46,1,'超时订单提醒','您的订单编号为66的订单已经超时一周以上，请及时处理，否则我们将通过法律手段强行结束订单！','2016-05-13','已读'),(47,1,'超时订单提醒','您的订单编号为66的订单已经超时一周以上，请及时处理，否则我们将通过法律手段强行结束订单！','2016-05-13','未读'),(48,1,'订单超时提醒','您的订单编号为66的订单已经超时，请及时处理！','2016-05-13','未读'),(49,1,'订单超时提醒','您的订单编号为66的订单已经超时，请及时处理！','2016-05-13','未读'),(50,1,'订单超时提醒','您的订单编号为66的订单已经超时，请及时处理！','2016-05-13','未读'),(51,1,'订单超时提醒','您的订单编号为66的订单已经超时，请及时处理！','2016-05-13','未读'),(52,1,'超时订单提醒','您的订单编号为79的订单已经超时一周以上，请及时处理，否则我们将通过法律手段强行结束订单！','2016-05-13','未读'),(53,1,'订单超时提醒','您的订单编号为66的订单已经超时，请及时处理！','2016-05-13','未读'),(54,1,'订单超时提醒','您的订单编号为79的订单已经超时，请及时处理！','2016-05-13','未读'),(55,1,'订单超时提醒','您的订单编号为66的订单已经超时，请及时处理！','2016-05-14','未读'),(56,1,'系统取消订单提醒','您的订单编号为73的订单未在规定时间内完成支付，系统已经为您自动取消！请注意及时支付订单！','2016-05-14','未读'),(57,1,'系统取消订单提醒','您的订单编号为74的订单未在规定时间内完成支付，系统已经为您自动取消！请注意及时支付订单！','2016-05-14','未读'),(58,1,'订单超时提醒','您的订单编号为79的订单已经超时，请及时处理！','2016-05-14','未读'),(59,1,'订单超时提醒','您的订单编号为66的订单已经超时，请及时处理！','2016-05-14','未读'),(60,1,'订单超时提醒','您的订单编号为79的订单已经超时，请及时处理！','2016-05-14','未读'),(61,1,'订单超时提醒','您的订单编号为66的订单已经超时，请及时处理！','2016-05-14','未读'),(62,1,'订单超时提醒','您的订单编号为79的订单已经超时，请及时处理！','2016-05-14','未读'),(63,1,'订单超时提醒','您的订单编号为66的订单已经超时，请及时处理！','2016-05-14','未读'),(64,1,'订单超时提醒','您的订单编号为79的订单已经超时，请及时处理！','2016-05-14','未读'),(65,1,'订单超时提醒','您的订单编号为66的订单已经超时，请及时处理！','2016-05-14','未读'),(66,1,'订单超时提醒','您的订单编号为79的订单已经超时，请及时处理！','2016-05-14','未读'),(67,1,'订单超时提醒','您的订单编号为66的订单已经超时，请及时处理！','2016-05-14','未读'),(68,1,'订单超时提醒','您的订单编号为79的订单已经超时，请及时处理！','2016-05-14','未读'),(69,1,'订单超时提醒','您的订单编号为66的订单已经超时，请及时处理！','2016-05-14','未读'),(70,1,'订单超时提醒','您的订单编号为79的订单已经超时，请及时处理！','2016-05-14','未读'),(71,1,'订单超时提醒','您的订单编号为66的订单已经超时，请及时处理！','2016-05-14','未读'),(72,1,'订单超时提醒','您的订单编号为79的订单已经超时，请及时处理！','2016-05-14','未读'),(73,1,'订单超时提醒','您的订单编号为66的订单已经超时，请及时处理！','2016-05-14','未读'),(74,1,'订单超时提醒','您的订单编号为79的订单已经超时，请及时处理！','2016-05-14','未读'),(75,1,'订单超时提醒','您的订单编号为66的订单已经超时，请及时处理！','2016-05-14','已读'),(76,1,'订单超时提醒','您的订单编号为79的订单已经超时，请及时处理！','2016-05-14','未读'),(77,1,'订单超时提醒','您的订单编号为66的订单已经超时，请及时处理！','2016-05-14','未读'),(78,1,'订单超时提醒','您的订单编号为79的订单已经超时，请及时处理！','2016-05-14','未读'),(79,1,'订单超时提醒','您的订单编号为66的订单已经超时，请及时处理！','2016-05-14','未读'),(80,1,'订单超时提醒','您的订单编号为79的订单已经超时，请及时处理！','2016-05-14','未读'),(81,1,'订单超时提醒','您的订单编号为66的订单已经超时，请及时处理！','2016-05-14','未读'),(82,1,'订单超时提醒','您的订单编号为79的订单已经超时，请及时处理！','2016-05-14','未读'),(83,1,'订单超时提醒','您的订单编号为66的订单已经超时，请及时处理！','2016-05-14','未读'),(84,1,'订单超时提醒','您的订单编号为79的订单已经超时，请及时处理！','2016-05-14','未读'),(85,1,'订单超时提醒','您的订单编号为66的订单已经超时，请及时处理！','2016-05-14','已读'),(86,1,'订单超时提醒','您的订单编号为79的订单已经超时，请及时处理！','2016-05-14','已读'),(87,1,'订单超时提醒','您的订单编号为66的订单已经超时，请及时处理！','2016-05-14','未读'),(88,1,'订单超时提醒','您的订单编号为79的订单已经超时，请及时处理！','2016-05-14','未读'),(89,1,'订单超时提醒','您的订单编号为66的订单已经超时，请及时处理！','2016-05-14','未读'),(90,1,'订单超时提醒','您的订单编号为79的订单已经超时，请及时处理！','2016-05-14','未读'),(91,1,'订单超时提醒','您的订单编号为66的订单已经超时，请及时处理！','2016-05-14','未读'),(92,1,'订单超时提醒','您的订单编号为79的订单已经超时，请及时处理！','2016-05-14','未读'),(93,1,'订单超时提醒','您的订单编号为66的订单已经超时，请及时处理！','2016-05-14','未读'),(94,1,'订单超时提醒','您的订单编号为79的订单已经超时，请及时处理！','2016-05-14','未读'),(95,1,'订单超时提醒','您的订单编号为66的订单已经超时，请及时处理！','2016-05-14','未读'),(96,1,'订单超时提醒','您的订单编号为79的订单已经超时，请及时处理！','2016-05-14','未读'),(97,1,'订单超时提醒','您的订单编号为66的订单已经超时，请及时处理！','2016-05-14','未读'),(98,1,'订单超时提醒','您的订单编号为79的订单已经超时，请及时处理！','2016-05-14','未读'),(99,1,'订单超时提醒','您的订单编号为66的订单已经超时，请及时处理！','2016-05-14','未读'),(100,1,'订单超时提醒','您的订单编号为79的订单已经超时，请及时处理！','2016-05-14','未读'),(101,1,'订单超时提醒','您的订单编号为66的订单已经超时，请及时处理！','2016-05-14','未读'),(102,1,'订单超时提醒','您的订单编号为79的订单已经超时，请及时处理！','2016-05-14','未读'),(103,1,'订单超时提醒','您的订单编号为66的订单已经超时，请及时处理！','2016-05-14','未读'),(104,1,'订单超时提醒','您的订单编号为79的订单已经超时，请及时处理！','2016-05-14','未读'),(105,1,'订单超时提醒','您的订单编号为66的订单已经超时，请及时处理！','2016-05-14','未读'),(106,1,'订单超时提醒','您的订单编号为79的订单已经超时，请及时处理！','2016-05-14','未读'),(107,1,'订单超时提醒','您的订单编号为66的订单已经超时，请及时处理！','2016-05-14','未读'),(108,1,'订单超时提醒','您的订单编号为79的订单已经超时，请及时处理！','2016-05-14','未读'),(109,1,'订单超时提醒','您的订单编号为66的订单已经超时，请及时处理！','2016-05-14','未读'),(110,1,'订单超时提醒','您的订单编号为79的订单已经超时，请及时处理！','2016-05-14','未读'),(111,1,'订单超时提醒','您的订单编号为66的订单已经超时，请及时处理！','2016-05-14','未读'),(112,1,'订单超时提醒','您的订单编号为79的订单已经超时，请及时处理！','2016-05-14','未读'),(113,1,'订单超时提醒','您的订单编号为66的订单已经超时，请及时处理！','2016-05-14','未读'),(114,1,'订单超时提醒','您的订单编号为79的订单已经超时，请及时处理！','2016-05-14','未读'),(115,1,'订单超时提醒','您的订单编号为66的订单已经超时，请及时处理！','2016-05-14','未读'),(116,1,'订单超时提醒','您的订单编号为79的订单已经超时，请及时处理！','2016-05-14','未读'),(117,1,'订单超时提醒','您的订单编号为66的订单已经超时，请及时处理！','2016-05-14','未读'),(118,1,'订单超时提醒','您的订单编号为79的订单已经超时，请及时处理！','2016-05-14','未读'),(119,1,'订单超时提醒','您的订单编号为66的订单已经超时，请及时处理！','2016-05-14','未读'),(120,1,'订单超时提醒','您的订单编号为79的订单已经超时，请及时处理！','2016-05-14','未读'),(121,1,'系统取消订单提醒','您的订单编号为83的订单未在规定时间内完成支付，系统已经为您自动取消！请注意及时支付订单！','2016-05-14','未读'),(122,1,'订单超时提醒','您的订单编号为66的订单已经超时，请及时处理！','2016-05-14','未读'),(123,1,'订单超时提醒','您的订单编号为79的订单已经超时，请及时处理！','2016-05-14','未读'),(124,1,'订单超时提醒','您的订单编号为66的订单已经超时，请及时处理！','2016-05-14','未读'),(125,1,'订单超时提醒','您的订单编号为79的订单已经超时，请及时处理！','2016-05-14','未读'),(126,1,'订单超时提醒','您的订单编号为66的订单已经超时，请及时处理！','2016-05-14','未读'),(127,1,'订单超时提醒','您的订单编号为79的订单已经超时，请及时处理！','2016-05-14','未读'),(128,1,'订单超时提醒','您的订单编号为66的订单已经超时，请及时处理！','2016-05-14','未读'),(129,1,'订单超时提醒','您的订单编号为79的订单已经超时，请及时处理！','2016-05-14','未读'),(130,1,'订单超时提醒','您的订单编号为66的订单已经超时，请及时处理！','2016-05-14','未读'),(131,1,'订单超时提醒','您的订单编号为79的订单已经超时，请及时处理！','2016-05-14','未读'),(132,1,'订单超时提醒','您的订单编号为66的订单已经超时，请及时处理！','2016-05-14','未读'),(133,1,'订单超时提醒','您的订单编号为79的订单已经超时，请及时处理！','2016-05-14','未读'),(134,1,'订单超时提醒','您的订单编号为66的订单已经超时，请及时处理！','2016-05-14','未读'),(135,1,'订单超时提醒','您的订单编号为79的订单已经超时，请及时处理！','2016-05-14','未读'),(136,1,'订单超时提醒','您的订单编号为66的订单已经超时，请及时处理！','2016-05-14','未读'),(137,1,'订单超时提醒','您的订单编号为79的订单已经超时，请及时处理！','2016-05-14','未读'),(138,1,'订单超时提醒','您的订单编号为66的订单已经超时，请及时处理！','2016-05-14','未读'),(139,1,'订单超时提醒','您的订单编号为79的订单已经超时，请及时处理！','2016-05-14','未读'),(140,1,'订单超时提醒','您的订单编号为66的订单已经超时，请及时处理！','2016-05-14','未读'),(141,1,'订单超时提醒','您的订单编号为79的订单已经超时，请及时处理！','2016-05-14','未读');

/*Table structure for table `systemnews` */

DROP TABLE IF EXISTS `systemnews`;

CREATE TABLE `systemnews` (
  `id` int(11) NOT NULL AUTO_INCREMENT COMMENT '新闻编号',
  `m_id` int(11) DEFAULT NULL COMMENT '发布者（管理员）',
  `title` varchar(100) DEFAULT NULL COMMENT '标题',
  `body` varchar(1000) DEFAULT NULL COMMENT '正文',
  `publishAt` date DEFAULT NULL COMMENT '发布时间',
  PRIMARY KEY (`id`)
) ENGINE=InnoDB AUTO_INCREMENT=8 DEFAULT CHARSET=utf8;

/*Data for the table `systemnews` */

insert  into `systemnews`(`id`,`m_id`,`title`,`body`,`publishAt`) values (1,1,'富安达运输有限公富安达运输有限公司富安达运输有限公司司','  新华社北京5月5日电（记者 刘华）国家主席习近平5日下午在人民大会堂会见了俄罗斯国家杜马主席纳雷什金。习近平首先请纳雷什金转达对普京总统的诚挚问候。他说，中俄全面战略协作伙伴关系的高水平发展符合两国人民共同愿望，顺应两国发展振兴需要，合乎世界和平、发展、合作、共赢的历史潮流。我同普京总统达成共识，下一阶段发展中俄关系的中心任务，是把两国高水平的政治关系优势转化为更多务实合作和国际合作成果，更好地造福两国和两国人民。今年是《中俄睦邻友好合作条约》签署15周年。希望双方以此为契机，大力弘扬条约确立的世代友好理念，为两国关系长期健康稳定发展奠定更加坚实的社会和民意基础。','2016-05-08'),(2,1,'富安达运输2','  新华社北京5月5日电（记者 刘华）国家主席习近平5日下午在人民大会堂会见了俄罗斯国家杜马主席纳雷什金。习近平首先请纳雷什金转达对普京总统的诚挚问候。他说，中俄全面战略协作伙伴关系的高水平发展符合两国人民共同愿望，顺应两国发展振兴需要，合乎世界和平、发展、合作、共赢的历史潮流。我同普京总统达成共识，下一阶段发展中俄关系的中心任务，是把两国高水平的政治关系优势转化为更多务实合作和国际合作成果，更好地造福两国和两国人民。今年是《中俄睦邻友好合作条约》签署15周年。希望双方以此为契机，大力弘扬条约确立的世代友好理念，为两国关系长期健康稳定发展奠定更加坚实的社会和民意基础。','2016-05-09'),(3,1,'富安达运输3','  新华社北京5月5日电（记者 刘华）国家主席习近平5日下午在人民大会堂会见了俄罗斯国家杜马主席纳雷什金。习近平首先请纳雷什金转达对普京总统的诚挚问候。他说，中俄全面战略协作伙伴关系的高水平发展符合两国人民共同愿望，顺应两国发展振兴需要，合乎世界和平、发展、合作、共赢的历史潮流。我同普京总统达成共识，下一阶段发展中俄关系的中心任务，是把两国高水平的政治关系优势转化为更多务实合作和国际合作成果，更好地造福两国和两国人民。今年是《中俄睦邻友好合作条约》签署15周年。希望双方以此为契机，大力弘扬条约确立的世代友好理念，为两国关系长期健康稳定发展奠定更加坚实的社会和民意基础。','2016-05-10'),(4,1,'富安达运输4','  新华社北京5月5日电（记者 刘华）国家主席习近平5日下午在人民大会堂会见了俄罗斯国家杜马主席纳雷什金。习近平首先请纳雷什金转达对普京总统的诚挚问候。他说，中俄全面战略协作伙伴关系的高水平发展符合两国人民共同愿望，顺应两国发展振兴需要，合乎世界和平、发展、合作、共赢的历史潮流。我同普京总统达成共识，下一阶段发展中俄关系的中心任务，是把两国高水平的政治关系优势转化为更多务实合作和国际合作成果，更好地造福两国和两国人民。今年是《中俄睦邻友好合作条约》签署15周年。希望双方以此为契机，大力弘扬条约确立的世代友好理念，为两国关系长期健康稳定发展奠定更加坚实的社会和民意基础。','2016-05-10'),(5,1,'富安达运输5','  新华社北京5月5日电（记者 刘华）国家主席习近平5日下午在人民大会堂会见了俄罗斯国家杜马主席纳雷什金。习近平首先请纳雷什金转达对普京总统的诚挚问候。他说，中俄全面战略协作伙伴关系的高水平发展符合两国人民共同愿望，顺应两国发展振兴需要，合乎世界和平、发展、合作、共赢的历史潮流。我同普京总统达成共识，下一阶段发展中俄关系的中心任务，是把两国高水平的政治关系优势转化为更多务实合作和国际合作成果，更好地造福两国和两国人民。今年是《中俄睦邻友好合作条约》签署15周年。希望双方以此为契机，大力弘扬条约确立的世代友好理念，为两国关系长期健康稳定发展奠定更加坚实的社会和民意基础。','2016-05-11'),(6,1,'富安达运输6','  新华社北京5月5日电（记者 刘华）国家主席习近平5日下午在人民大会堂会见了俄罗斯国家杜马主席纳雷什金。习近平首先请纳雷什金转达对普京总统的诚挚问候。他说，中俄全面战略协作伙伴关系的高水平发展符合两国人民共同愿望，顺应两国发展振兴需要，合乎世界和平、发展、合作、共赢的历史潮流。我同普京总统达成共识，下一阶段发展中俄关系的中心任务，是把两国高水平的政治关系优势转化为更多务实合作和国际合作成果，更好地造福两国和两国人民。今年是《中俄睦邻友好合作条约》签署15周年。希望双方以此为契机，大力弘扬条约确立的世代友好理念，为两国关系长期健康稳定发展奠定更加坚实的社会和民意基础。','2016-05-11'),(7,1,'呵呵','55','2016-05-08');

/*Table structure for table `user_order` */

DROP TABLE IF EXISTS `user_order`;

CREATE TABLE `user_order` (
  `id` int(11) NOT NULL AUTO_INCREMENT COMMENT '订单编号',
  `u_id` int(11) DEFAULT NULL COMMENT '用户编号',
  `r_id` int(11) DEFAULT NULL COMMENT '取车人编号',
  `c_id` int(11) DEFAULT NULL COMMENT '车辆编号',
  `startAt` date DEFAULT NULL COMMENT '订单开始时间',
  `endAt` date DEFAULT NULL COMMENT '订单结束时间',
  `backAt` date DEFAULT NULL COMMENT '还车时间',
  `orderStatus` int(11) DEFAULT NULL COMMENT '订单状态',
  `orderCheck` int(11) DEFAULT NULL COMMENT '订单审核状态',
  `payStatus` int(11) DEFAULT NULL COMMENT '订单支付状态',
  `total` float(10,2) DEFAULT NULL COMMENT '订单总价',
  `tackAt` date DEFAULT NULL COMMENT '下单时间',
  `backStatus` int(11) DEFAULT NULL COMMENT '还车状态',
  PRIMARY KEY (`id`)
) ENGINE=InnoDB AUTO_INCREMENT=86 DEFAULT CHARSET=utf8;

/*Data for the table `user_order` */

insert  into `user_order`(`id`,`u_id`,`r_id`,`c_id`,`startAt`,`endAt`,`backAt`,`orderStatus`,`orderCheck`,`payStatus`,`total`,`tackAt`,`backStatus`) values (65,1,7,24,'2016-05-12','2016-05-12',NULL,5,2,1,1800.00,'2016-05-12',1),(66,1,8,5,'2016-05-01','2016-05-04',NULL,2,1,2,2200.00,'2016-05-01',1),(67,1,8,5,'2016-05-13','2016-05-16',NULL,4,1,2,2200.00,'2016-05-13',1),(68,1,8,5,'2016-05-13','2016-05-14',NULL,2,1,2,2200.00,'2016-05-13',1),(69,1,8,5,'2016-05-13','2016-05-16',NULL,4,1,2,2200.00,'2016-05-13',1),(70,1,8,5,'2016-05-13','2016-05-14','2016-05-13',1,1,2,2200.00,'2016-05-13',2),(71,1,8,5,'2016-05-13','2016-05-14',NULL,7,2,2,2200.00,'2016-05-13',1),(72,1,8,5,'2016-05-13','2016-05-14',NULL,7,2,2,2200.00,'2016-05-13',1),(73,1,8,5,'2016-05-13','2016-05-14',NULL,5,2,1,2200.00,'2016-05-13',1),(74,1,8,5,'2016-05-13','2016-05-14',NULL,5,2,1,2200.00,'2016-05-13',1),(75,1,8,5,'2016-05-13','2016-05-14',NULL,5,2,2,2200.00,'2016-05-13',1),(76,1,8,5,'2016-05-13','2016-05-14',NULL,5,2,2,2200.00,'2016-05-13',1),(77,1,7,24,'2016-05-12','2016-05-12',NULL,5,2,1,1800.00,'2016-05-12',1),(78,1,8,5,'2016-05-11','2016-05-13',NULL,4,1,2,2200.00,'2016-05-11',3),(79,1,8,5,'2016-05-01','2016-05-04',NULL,4,1,2,2200.00,'2016-05-01',1),(80,1,8,5,'2016-05-11','2016-05-13',NULL,2,1,2,2200.00,'2016-05-11',3),(81,1,7,1,'2016-05-14','2016-05-14',NULL,7,2,1,1200.00,'2016-05-14',1),(82,1,7,2,'2016-05-14','2016-05-14',NULL,5,2,2,1400.00,'2016-05-14',1),(83,1,7,2,'2016-05-13','2016-05-13',NULL,5,2,1,1400.00,'2016-05-13',1),(84,1,7,3,'2016-05-14','2016-05-14',NULL,7,2,2,1800.00,'2016-05-14',1),(85,1,7,1,'2016-05-14','2016-05-14',NULL,2,1,2,1200.00,'2016-05-14',1);

/*!40101 SET SQL_MODE=@OLD_SQL_MODE */;
/*!40014 SET FOREIGN_KEY_CHECKS=@OLD_FOREIGN_KEY_CHECKS */;
/*!40014 SET UNIQUE_CHECKS=@OLD_UNIQUE_CHECKS */;
/*!40111 SET SQL_NOTES=@OLD_SQL_NOTES */;
